{"cameraMode":{"drawMode":0,"name":"Shaded","section":"Shading Mode"},"sceneLighting":false,"audioPlay":false,"sceneViewState":{"showFog":true,"showMaterialUpdate":false,"showSkybox":false,"showFlares":true,"showImageEffects":true,"showParticleSystems":true},"in2DMode":false,"pivot":{"x":-20.883163452148439,"y":31.11945343017578,"z":17.68478775024414},"rotation":{"x":0.05358586832880974,"y":-0.9230111241340637,"z":0.35501936078071597,"w":0.13921697437763215},"size":9.853470802307129,"orthographic":false}