{"cameraMode":{"drawMode":0,"name":"Shaded","section":"Shading Mode"},"sceneLighting":false,"audioPlay":false,"sceneViewState":{"showFog":true,"showMaterialUpdate":false,"showSkybox":false,"showFlares":true,"showImageEffects":true,"showParticleSystems":true},"in2DMode":false,"pivot":{"x":-4.376529216766357,"y":1.58012056350708,"z":4.486939430236816},"rotation":{"x":0.06358036398887634,"y":-0.16416844725608827,"z":0.010637499392032624,"w":0.9844641089439392},"size":17.620044708251954,"orthographic":false}