{"cameraMode":{"drawMode":0,"name":"Shaded","section":"Shading Mode"},"sceneLighting":false,"audioPlay":false,"sceneViewState":{"showFog":true,"showMaterialUpdate":false,"showSkybox":false,"showFlares":true,"showImageEffects":true,"showParticleSystems":true},"in2DMode":false,"pivot":{"x":-121.88801574707031,"y":19.295780181884767,"z":114.63627624511719},"rotation":{"x":-0.06955044716596604,"y":-0.321013480424881,"z":0.023595860227942468,"w":-0.94437175989151},"size":345.986083984375,"orthographic":false}