{"cameraMode":{"drawMode":0,"name":"Shaded","section":"Shading Mode"},"sceneLighting":false,"audioPlay":false,"sceneViewState":{"showFog":true,"showMaterialUpdate":false,"showSkybox":false,"showFlares":true,"showImageEffects":true,"showParticleSystems":true},"in2DMode":false,"pivot":{"x":-0.10210645198822022,"y":0.5134490728378296,"z":0.1536473035812378},"rotation":{"x":0.004126852843910456,"y":0.1060536801815033,"z":-0.0008570216596126556,"w":0.9945049285888672},"size":5.030782222747803,"orthographic":false}