{"cameraMode":{"drawMode":0,"name":"Shaded","section":"Shading Mode"},"sceneLighting":false,"audioPlay":false,"sceneViewState":{"showFog":true,"showMaterialUpdate":false,"showSkybox":false,"showFlares":true,"showImageEffects":true,"showParticleSystems":true},"in2DMode":false,"pivot":{"x":-29.746076583862306,"y":-29.803783416748048,"z":-18.935823440551759},"rotation":{"x":-0.11929614096879959,"y":0.7188865542411804,"z":-0.1275235116481781,"w":-0.6730430722236633},"size":186.8230743408203,"orthographic":false}