{"cameraMode":{"drawMode":0,"name":"Shaded","section":"Shading Mode"},"sceneLighting":true,"audioPlay":false,"sceneViewState":{"showFog":true,"showMaterialUpdate":false,"showSkybox":false,"showFlares":true,"showImageEffects":true,"showParticleSystems":true},"in2DMode":false,"pivot":{"x":-24.810123443603517,"y":15.088557243347168,"z":56.292236328125},"rotation":{"x":0.13674962520599366,"y":-0.08935197442770004,"z":0.011848674155771733,"w":0.9865110516548157},"size":124.80233764648438,"orthographic":false}