{"cameraMode":{"drawMode":0,"name":"Shaded","section":"Shading Mode"},"sceneLighting":false,"audioPlay":false,"sceneViewState":{"showFog":true,"showMaterialUpdate":false,"showSkybox":false,"showFlares":true,"showImageEffects":true,"showParticleSystems":true},"in2DMode":false,"pivot":{"x":-34.57558822631836,"y":-16.488636016845704,"z":47.75088119506836},"rotation":{"x":-0.13030371069908143,"y":0.3175622820854187,"z":-0.044155020266771319,"w":-0.9383522272109985},"size":186.8230743408203,"orthographic":false}