{"cameraMode":{"drawMode":0,"name":"Shaded","section":"Shading Mode"},"sceneLighting":true,"audioPlay":false,"sceneViewState":{"showFog":true,"showMaterialUpdate":false,"showSkybox":false,"showFlares":true,"showImageEffects":true,"showParticleSystems":true},"in2DMode":false,"pivot":{"x":28.105430603027345,"y":11.163625717163086,"z":94.62751007080078},"rotation":{"x":0.008978503756225109,"y":-0.06362947076559067,"z":-0.000638914352748543,"w":-0.9980787634849548},"size":158.16705322265626,"orthographic":false}