{"cameraMode":{"drawMode":0,"name":"Shaded","section":"Shading Mode"},"sceneLighting":false,"audioPlay":false,"sceneViewState":{"showFog":true,"showMaterialUpdate":false,"showSkybox":false,"showFlares":true,"showImageEffects":true,"showParticleSystems":true},"in2DMode":false,"pivot":{"x":-0.06251765787601471,"y":0.41262805461883547,"z":-0.022480934858322145},"rotation":{"x":0.004126852843910456,"y":0.1060536801815033,"z":-0.0008570216596126556,"w":0.9945049285888672},"size":1.6096123456954957,"orthographic":false}