{"cameraMode":{"drawMode":0,"name":"Shaded","section":"Shading Mode"},"sceneLighting":false,"audioPlay":false,"sceneViewState":{"showFog":true,"showMaterialUpdate":false,"showSkybox":false,"showFlares":true,"showImageEffects":true,"showParticleSystems":true},"in2DMode":false,"pivot":{"x":11.459953308105469,"y":31.306346893310548,"z":-15.05648422241211},"rotation":{"x":0.1445641666650772,"y":0.447452574968338,"z":-0.07415279746055603,"w":0.8794351816177368},"size":98.37649536132813,"orthographic":false}