{"cameraMode":{"drawMode":0,"name":"Shaded","section":"Shading Mode"},"sceneLighting":false,"audioPlay":false,"sceneViewState":{"showFog":true,"showMaterialUpdate":false,"showSkybox":false,"showFlares":true,"showImageEffects":true,"showParticleSystems":true},"in2DMode":false,"pivot":{"x":-0.12328052520751953,"y":6.0018815994262699,"z":-10.711450576782227},"rotation":{"x":-0.2645745873451233,"y":-0.45609983801841738,"z":0.1441417783498764,"w":-0.8375498056411743},"size":11.942146301269532,"orthographic":false}