{"cameraMode":{"drawMode":0,"name":"Shaded","section":"Shading Mode"},"sceneLighting":false,"audioPlay":false,"sceneViewState":{"showFog":true,"showMaterialUpdate":false,"showSkybox":false,"showFlares":true,"showImageEffects":true,"showParticleSystems":true},"in2DMode":false,"pivot":{"x":-31.92035675048828,"y":-1.3747198581695557,"z":37.82468795776367},"rotation":{"x":0.23118680715560914,"y":-0.3604104220867157,"z":0.09265394508838654,"w":0.8990052342414856},"size":227.46595764160157,"orthographic":false}