{"cameraMode":{"drawMode":0,"name":"Shaded","section":"Shading Mode"},"sceneLighting":false,"audioPlay":false,"sceneViewState":{"showFog":true,"showMaterialUpdate":false,"showSkybox":false,"showFlares":true,"showImageEffects":true,"showParticleSystems":true},"in2DMode":false,"pivot":{"x":0.07146839797496796,"y":0.2277776002883911,"z":0.0014592502266168595},"rotation":{"x":0.004126852843910456,"y":0.1060536801815033,"z":-0.0008570216596126556,"w":0.9945049285888672},"size":0.8237171173095703,"orthographic":false}