{"cameraMode":{"drawMode":0,"name":"Shaded","section":"Shading Mode"},"sceneLighting":false,"audioPlay":false,"sceneViewState":{"showFog":true,"showMaterialUpdate":false,"showSkybox":false,"showFlares":true,"showImageEffects":true,"showParticleSystems":true},"in2DMode":false,"pivot":{"x":36.37607955932617,"y":9.360688209533692,"z":-38.87192916870117},"rotation":{"x":0.08925000578165055,"y":0.7464661598205566,"z":-0.102327860891819,"w":0.6515090465545654},"size":98.37649536132813,"orthographic":false}