{"cameraMode":{"drawMode":0,"name":"Shaded","section":"Shading Mode"},"sceneLighting":true,"audioPlay":false,"sceneViewState":{"showFog":true,"showMaterialUpdate":false,"showSkybox":true,"showFlares":true,"showImageEffects":true,"showParticleSystems":true},"in2DMode":false,"pivot":{"x":5.834367752075195,"y":13.58250617980957,"z":22.9276123046875},"rotation":{"x":0.08208010345697403,"y":-0.025689974427223207,"z":0.002075948053970933,"w":0.9963482022285461},"size":101.22877502441406,"orthographic":false}