{"cameraMode":{"drawMode":0,"name":"Shaded","section":"Shading Mode"},"sceneLighting":false,"audioPlay":false,"sceneViewState":{"showFog":true,"showMaterialUpdate":false,"showSkybox":false,"showFlares":true,"showImageEffects":true,"showParticleSystems":true},"in2DMode":false,"pivot":{"x":52.74055480957031,"y":-3.155503988265991,"z":-12.137479782104493},"rotation":{"x":-0.18543793261051179,"y":-0.5400958061218262,"z":0.12356344610452652,"w":-0.8117164373397827},"size":98.07914733886719,"orthographic":false}