{"cameraMode":{"drawMode":0,"name":"Shaded","section":"Shading Mode"},"sceneLighting":true,"audioPlay":false,"sceneViewState":{"showFog":true,"showMaterialUpdate":false,"showSkybox":false,"showFlares":true,"showImageEffects":true,"showParticleSystems":true},"in2DMode":false,"pivot":{"x":6.845256805419922,"y":21.046537399291993,"z":-8.562149047851563},"rotation":{"x":0.13563479483127595,"y":0.04127640277147293,"z":-0.006188635714352131,"w":0.989891529083252},"size":124.80233764648438,"orthographic":false}