{"cameraMode":{"drawMode":0,"name":"Shaded","section":"Shading Mode"},"sceneLighting":true,"audioPlay":false,"sceneViewState":{"showFog":true,"showMaterialUpdate":false,"showSkybox":false,"showFlares":true,"showImageEffects":true,"showParticleSystems":true},"in2DMode":false,"pivot":{"x":8.249719619750977,"y":26.273605346679689,"z":-0.34507179260253909},"rotation":{"x":0.004126852843910456,"y":0.1060536801815033,"z":-0.0008570216596126556,"w":0.9945049285888672},"size":164.09127807617188,"orthographic":false}