{"cameraMode":{"drawMode":0,"name":"Shaded","section":"Shading Mode"},"sceneLighting":false,"audioPlay":false,"sceneViewState":{"showFog":true,"showMaterialUpdate":false,"showSkybox":false,"showFlares":true,"showImageEffects":true,"showParticleSystems":true},"in2DMode":false,"pivot":{"x":33.24839401245117,"y":9.597684860229493,"z":1.0254392623901368},"rotation":{"x":0.19973735511302949,"y":0.6613155603408814,"z":-0.1892150491476059,"w":0.6979946494102478},"size":9.853470802307129,"orthographic":false}