{"cameraMode":{"drawMode":0,"name":"Shaded","section":"Shading Mode"},"sceneLighting":true,"audioPlay":false,"sceneViewState":{"showFog":true,"showMaterialUpdate":false,"showSkybox":true,"showFlares":true,"showImageEffects":true,"showParticleSystems":true},"in2DMode":false,"pivot":{"x":13.364374160766602,"y":33.45765686035156,"z":-61.152191162109378},"rotation":{"x":0.09501241892576218,"y":-0.10609274357557297,"z":0.010146938264369965,"w":0.9897962212562561},"size":10.468584060668946,"orthographic":false}